id,stream,owner,github,milestone,section,title,screen,blueprint_ref,is_cross_stream_blocker,estimate_days,predecessors,pred_confidence,baseline_start,baseline_end,forecast_start,forecast_end,status,pct,actual_start,actual_end,float_days,is_critical,evidence,notes
A-001,A,Shivendra,shivendraedunext-18,Sprint 0 — weeks 1–2,,"Maven multi-module skeleton: common, domain, api, worker",,,,1,,confirmed,2026-08-06,2026-08-06,2026-08-06,2026-08-06,done,100,,,92,,override: Maven multi-module skeleton (common/domain/api/worker) builds green; landed before the task-ID commit convention,
A-002,A,Shivendra,shivendraedunext-18,Sprint 0 — weeks 1–2,,"docker-compose.yml — MySQL 8.4, Redis 7, MinIO, Mailpit",,,,1,A-001,confirmed,2026-08-06,2026-08-06,2026-08-06,2026-08-06,done,100,,,93,,override: docker-compose.yml verified running MySQL 8.4 + Redis + MinIO + Mailpit; predates the task-ID commit convention,
A-003,A,Shivendra,shivendraedunext-18,Sprint 0 — weeks 1–2,,"Flyway baseline 1/5 — identity: users, roles, permissions, role_permissions, user_roles, projects, project_members",,§8.2,,1,A-002,confirmed,2026-08-05,2026-08-05,2026-08-05,2026-08-05,done,100,2026-08-05,2026-08-05,0,,merged to develop 2026-08-05,
A-004,A,Shivendra,shivendraedunext-18,Sprint 0 — weeks 1–2,,Flyway baseline 2/5,,,,1.5,A-003,confirmed,2026-08-05,2026-08-05,2026-08-05,2026-08-05,done,100,2026-08-05,2026-08-05,0,,merged to develop 2026-08-05,
A-005,A,Shivendra,shivendraedunext-18,Sprint 0 — weeks 1–2,,"Flyway baseline 3/5 — workflow: workflow_templates, workflow_stages, ticket_stage_transitions",,§4A.5,,1,A-004,confirmed,2026-08-05,2026-08-05,2026-08-05,2026-08-05,done,100,2026-08-05,2026-08-05,0,,merged to develop 2026-08-05,
A-006,A,Shivendra,shivendraedunext-18,Sprint 0 — weeks 1–2,,"Flyway baseline 4/5 — clients & content: clients, client_contacts, client_projects, ticket_comments, ticket_attachments,",,§4B.7,,1.5,A-007,confirmed,2026-08-06,2026-08-06,2026-08-06,2026-08-06,done,100,2026-08-06,2026-08-06,0,,merged to develop 2026-08-06,
A-007,A,Shivendra,shivendraedunext-18,Sprint 0 — weeks 1–2,,Flyway baseline 5/5,,,,1.5,A-005,confirmed,2026-08-06,2026-08-06,2026-08-06,2026-08-06,done,100,,,0,,override: V20260805_1106__baseline_masters_ops.sql applied and verified; landed inside the A-004/A-005 commit,
A-008,A,Shivendra,shivendraedunext-18,Sprint 0 — weeks 1–2,,Immutability triggers — two per table (MySQL needs separate UPDATE and DELETE triggers) on ticket_history and ticket_eff,,§3.5,,1,"A-004,A-005",confirmed,2026-08-06,2026-08-06,2026-08-06,2026-08-06,done,100,,,9,,override: V20260805_1107__immutability_triggers.sql applied; all six triggers verified rejecting UPDATE/DELETE against live MySQL 8.4,
A-009,A,Shivendra,shivendraedunext-18,Sprint 0 — weeks 1–2,,"Generated columns + indexes replacing PostgreSQL partial indexes: pcd_open, current_ticket_id",,§3.3,,0.5,A-006,confirmed,2026-08-06,2026-08-06,2026-08-06,2026-08-06,done,100,,,0,,override: V20260805_1108__generated_columns_and_indexes.sql applied; pcd_open and current_ticket_id generated columns plus FULLTEXT confirmed,
A-010,A,Shivendra,shivendraedunext-18,Sprint 0 — weeks 1–2,,"Two DB users: edutrack_app (no DDL; INSERT, SELECT only on the three append-only tables) and edutrack_migrate (DDL, depl",,,,0.5,A-009,inferred,2026-08-10,2026-08-10,2026-08-10,2026-08-10,todo,0,,,0,,,
A-011,A,Shivendra,shivendraedunext-18,Sprint 0 — weeks 1–2,,CI pipeline,,,,1.5,A-001,confirmed,2026-08-06,2026-08-06,2026-08-06,2026-08-06,done,100,,,94,,"override: .github/workflows/ci.yml green — migration guard, backend verify, frontend build, OpenAPI staleness, single-jar packaging",
A-012,A,Shivendra,shivendraedunext-18,Sprint 0 — weeks 1–2,,"dev-noauth Spring profile — injects a configurable fake principal (role, projects, reportees)",,,yes,1.5,A-003,confirmed,2026-08-06,2026-08-07,2026-08-06,2026-08-07,todo,0,,,0,,,
A-013,A,Shivendra,shivendraedunext-18,Sprint 0 — weeks 1–2,,Negative tests proving triggers reject UPDATE and DELETE on each protected table,,,,1,A-008,confirmed,2026-08-06,2026-08-06,2026-08-06,2026-08-06,in-progress,40,,,10,,"override: trigger rejection proven by hand against live MySQL, but no committed automated test yet — not done until it runs in CI",
A-020,A,Shivendra,shivendraedunext-18,M1 — Authentication & the scope guard — weeks 3–7,Authentication,"Login endpoint — Argon2id (64 MB, 3 iterations), constant-time, generic error messages that never reveal which field fai",,§10.1,,1.5,"A-003,A-012",inferred,2026-08-10,2026-08-11,2026-08-10,2026-08-11,todo,0,,,0,,,
A-021,A,Shivendra,shivendraedunext-18,M1 — Authentication & the scope guard — weeks 3–7,Authentication,"failed_attempts counter, 15-minute lockout at 5, email to Admin on lockout",,,,0.5,A-020,inferred,2026-08-12,2026-08-12,2026-08-12,2026-08-12,todo,0,,,0,,,
A-022,A,Shivendra,shivendraedunext-18,M1 — Authentication & the scope guard — weeks 3–7,Authentication,"JWT access token, 15 min, claims sub, role, permissions[], projects[], reportees[], iat, exp, jti",,,,1,A-020,inferred,2026-08-12,2026-08-13,2026-08-12,2026-08-13,todo,0,,,0,,,
A-023,A,Shivendra,shivendraedunext-18,M1 — Authentication & the scope guard — weeks 3–7,Authentication,"Opaque refresh token, 7 days, HttpOnly + Secure + SameSite=Strict cookie, jti in Redis, device-bound",,,,1,A-022,inferred,2026-08-13,2026-08-14,2026-08-13,2026-08-14,todo,0,,,0,,,
A-024,A,Shivendra,shivendraedunext-18,M1 — Authentication & the scope guard — weeks 3–7,Authentication,Refresh rotation with family revocation,,,yes,1.5,A-023,confirmed,2026-08-14,2026-08-17,2026-08-14,2026-08-17,todo,0,,,0,,,
A-025,A,Shivendra,shivendraedunext-18,M1 — Authentication & the scope guard — weeks 3–7,Authentication,"Logout — delete refresh jti, blacklist access jti in Redis until natural expiry",,,,1,A-023,inferred,2026-08-18,2026-08-18,2026-08-18,2026-08-18,todo,0,,,0,,,
A-026,A,Shivendra,shivendraedunext-18,M1 — Authentication & the scope guard — weeks 3–7,Authentication,Forced password change on first login — must_change_password,S-03,,,0.5,A-020,inferred,2026-08-19,2026-08-19,2026-08-19,2026-08-19,todo,0,,,0,,,
A-027,A,Shivendra,shivendraedunext-18,M1 — Authentication & the scope guard — weeks 3–7,Authentication,"Forgot/reset password — single-use, 30-min TTL, hashed at rest",S-02,,,1,A-020,inferred,2026-08-19,2026-08-20,2026-08-19,2026-08-20,todo,0,,,0,,,
A-028,A,Shivendra,shivendraedunext-18,M1 — Authentication & the scope guard — weeks 3–7,Authentication,"Password policy — min 8 with upper/lower/digit/symbol, no reuse of last 3, optional 90-day expiry",,§10.3,,1,A-020,inferred,2026-08-20,2026-08-21,2026-08-20,2026-08-21,todo,0,,,0,,,
A-029,A,Shivendra,shivendraedunext-18,M1 — Authentication & the scope guard — weeks 3–7,Authentication,"2FA — 6-digit TOTP, optional per user",S-04,,,1.5,A-022,inferred,2026-08-21,2026-08-24,2026-08-21,2026-08-24,todo,0,,,0,,,
A-030,A,Shivendra,shivendraedunext-18,M1 — Authentication & the scope guard — weeks 3–7,Authentication,"Login screen — centred card, soft indigo gradient, strength meter on reset",S-01,,,1.5,"A-020,C-003",confirmed,2026-09-24,2026-09-25,2026-09-24,2026-09-25,todo,0,,,5,,,
A-031,A,Shivendra,shivendraedunext-18,M1 — Authentication & the scope guard — weeks 3–7,Authentication,Role-based post-login redirect: Admin/PM → Dashboard · Developer → My Tasks · Support → Ticket Queue · QA/Deployment → S,,,,0.5,"A-030,B-001",confirmed,2026-09-28,2026-09-28,2026-09-28,2026-09-28,todo,0,,,5,,,
A-032,A,Shivendra,shivendraedunext-18,M1 — Authentication & the scope guard — weeks 3–7,The scope guard,Spring Security filter chain — token valid and unrevoked,,,,1,A-022,confirmed,2026-08-25,2026-08-25,2026-08-25,2026-08-25,todo,0,,,0,,,
A-033,A,Shivendra,shivendraedunext-18,M1 — Authentication & the scope guard — weeks 3–7,The scope guard,"Permission model + @PreAuthorize — ticket.read, ticket.assign, master.write, etc",,,,1.5,"A-032,B-001",confirmed,2026-09-09,2026-09-10,2026-09-09,2026-09-10,todo,0,,,1,,,
A-034,A,Shivendra,shivendraedunext-18,M1 — Authentication & the scope guard — weeks 3–7,The scope guard,ScopeResolver producing a JPA Specification per role — Admin unrestricted; PM/Support project_id IN projects; Developer/,,,yes,2,A-033,confirmed,2026-09-10,2026-09-14,2026-09-10,2026-09-14,todo,0,,,2,,,
A-035,A,Shivendra,shivendraedunext-18,M1 — Authentication & the scope guard — weeks 3–7,The scope guard,"Out-of-scope IDs return 404, not 403, on /tickets/{id} and every detail route",,,,0.5,A-034,confirmed,2026-09-14,2026-09-14,2026-09-14,2026-09-14,todo,0,,,3,,,
A-036,A,Shivendra,shivendraedunext-18,M1 — Authentication & the scope guard — weeks 3–7,The scope guard,"Permission test matrix — parameterised suite, every role × every route, asserting allow/deny/404",,,yes,2,A-035,confirmed,2026-09-15,2026-09-16,2026-09-15,2026-09-16,todo,0,,,3,,,
A-037,A,Shivendra,shivendraedunext-18,M1 — Authentication & the scope guard — weeks 3–7,The scope guard,ArchUnit rules,,,,1,A-034,inferred,2026-09-17,2026-09-17,2026-09-17,2026-09-17,todo,0,,,3,,,
A-040,A,Shivendra,shivendraedunext-18,M2 — Immutability core — weeks 8–9,,Append-only services for the three protected tables,,,,1.5,"A-010,A-013",confirmed,2026-08-26,2026-08-27,2026-08-26,2026-08-27,todo,0,,,0,,,
A-041,A,Shivendra,shivendraedunext-18,M2 — Immutability core — weeks 8–9,,"Canonical JSON serialiser — fixed key order, fixed timestamp format",,,,1.5,A-040,confirmed,2026-08-27,2026-08-28,2026-08-27,2026-08-28,todo,0,,,0,,,
A-042,A,Shivendra,shivendraedunext-18,M2 — Immutability core — weeks 8–9,,Per-ticket hash chain with SELECT … FOR UPDATE on the ticket row before each append,,§3.7,yes,2.5,A-041,confirmed,2026-08-31,2026-09-02,2026-08-31,2026-09-02,todo,0,,,0,,,
A-043,A,Shivendra,shivendraedunext-18,M2 — Immutability core — weeks 8–9,,"Compensating-entry pattern — is_correction, corrects_entry_id",,,,1,A-042,confirmed,2026-09-02,2026-09-03,2026-09-02,2026-09-03,todo,0,,,0,,,
A-044,A,Shivendra,shivendraedunext-18,M2 — Immutability core — weeks 8–9,,"Nightly chain verifier in worker, admin alert on break, parallelised per ticket",,,,2,A-042,confirmed,2026-09-03,2026-09-07,2026-09-03,2026-09-07,todo,0,,,0,,,
A-045,A,Shivendra,shivendraedunext-18,M2 — Immutability core — weeks 8–9,,Concurrency test,,,,1.5,A-042,confirmed,2026-09-07,2026-09-08,2026-09-07,2026-09-08,todo,0,,,1,,,
A-050,A,Shivendra,shivendraedunext-18,M6 — Dashboard & reports — weeks 10–16,Aggregation,daily_ticket_stats and resource_daily_stats summary tables,,,,1.5,"A-034,B-007",inferred,2026-10-01,2026-10-02,2026-10-01,2026-10-02,todo,0,,,7,,,
A-051,A,Shivendra,shivendraedunext-18,M6 — Dashboard & reports — weeks 10–16,Aggregation,5-minute refresh worker. Dashboard reads never issue live COUNT(),,,,1,A-050,confirmed,2026-10-05,2026-10-05,2026-10-05,2026-10-05,todo,0,,,7,,,
A-052,A,Shivendra,shivendraedunext-18,M6 — Dashboard & reports — weeks 10–16,Aggregation,"/tickets/{id}/full aggregated endpoint — one call, not a waterfall of six",,,,1,A-034,inferred,2026-09-18,2026-09-18,2026-09-18,2026-09-18,todo,0,,,3,,,
A-053,A,Shivendra,shivendraedunext-18,M6 — Dashboard & reports — weeks 10–16,Aggregation,Cursor pagination + virtualised grid rendering beyond 200 rows,,,,1.5,"A-052,C-003",inferred,2026-09-28,2026-09-29,2026-09-28,2026-09-29,todo,0,,,6,,,
A-054,A,Shivendra,shivendraedunext-18,M6 — Dashboard & reports — weeks 10–16,Dashboard — S-05,"Shell, role-aware, with project/date/resource filters",,,,1.5,"A-051,C-005",inferred,2026-10-20,2026-10-21,2026-10-20,2026-10-21,todo,0,,,7,,,
A-055,A,Shivendra,shivendraedunext-18,M6 — Dashboard & reports — weeks 10–16,Dashboard — S-05,Widgets 1–6,,,,2,A-054,inferred,2026-10-21,2026-10-23,2026-10-21,2026-10-23,todo,0,,,8,,,
A-056,A,Shivendra,shivendraedunext-18,M6 — Dashboard & reports — weeks 10–16,Dashboard — S-05,Widgets 7–12,,,,3,A-055,inferred,2026-10-23,2026-10-28,2026-10-23,2026-10-28,todo,0,,,9,,,
A-057,A,Shivendra,shivendraedunext-18,M6 — Dashboard & reports — weeks 10–16,Dashboard — S-05,"Widgets 13–15 — calendar heatmap, SLA radial gauge, project treemap",,,,2,A-056,inferred,2026-10-28,2026-10-30,2026-10-28,2026-10-30,todo,0,,,10,,,
A-058,A,Shivendra,shivendraedunext-18,M6 — Dashboard & reports — weeks 10–16,Dashboard — S-05,"Widgets 16–19 — stage funnel, rework/ping-pong, avg time per stage (active vs idle), handoff latency",,,,2.5,"A-056,C-049",confirmed,2026-11-19,2026-11-23,2026-11-19,2026-11-23,todo,0,,,13,,,
A-059,A,Shivendra,shivendraedunext-18,M6 — Dashboard & reports — weeks 10–16,Dashboard — S-05,Widget 20 — client-wise volume. Depends on Stream B's client master,,,,1,"A-056,B-029",confirmed,2026-11-16,2026-11-17,2026-11-16,2026-11-17,todo,0,,,14,,,
A-060,A,Shivendra,shivendraedunext-18,M6 — Dashboard & reports — weeks 10–16,Dashboard — S-05,Every card and chart segment deep-links to a pre-filtered list (/tickets?status=OPEN&level=CRITICAL&assignee=me),,,,1.5,"A-056,C-014",inferred,2026-11-09,2026-11-10,2026-11-09,2026-11-10,todo,0,,,11,,,
A-061,A,Shivendra,shivendraedunext-18,M6 — Dashboard & reports — weeks 10–16,Dashboard — S-05,"Drill-down modal, slides from the right, CSV export",S-06,,,1.5,A-060,inferred,2026-11-10,2026-11-11,2026-11-10,2026-11-11,todo,0,,,12,,,
A-062,A,Shivendra,shivendraedunext-18,M6 — Dashboard & reports — weeks 10–16,Dashboard — S-05,Developer dashboard variant,,,,1.5,A-055,inferred,2026-10-30,2026-11-02,2026-10-30,2026-11-02,todo,0,,,11,,,
A-063,A,Shivendra,shivendraedunext-18,M6 — Dashboard & reports — weeks 10–16,Reports — S-27,"Reports hub — card grid, parameterised viewer, filters, chart + table",,,,2,"A-051,C-003",inferred,2026-10-06,2026-10-07,2026-10-06,2026-10-07,todo,0,,,7,,,
A-064,A,Shivendra,shivendraedunext-18,M6 — Dashboard & reports — weeks 10–16,Reports — S-27,"Export engine — Excel, CSV, PDF",,,,2,A-063,inferred,2026-10-08,2026-10-09,2026-10-08,2026-10-09,todo,0,,,7,,,
A-065,A,Shivendra,shivendraedunext-18,M6 — Dashboard & reports — weeks 10–16,Reports — S-27,Scheduled report email (daily/weekly/monthly),,,,1,"A-064,D-029",confirmed,2026-11-13,2026-11-16,2026-11-13,2026-11-16,todo,0,,,13,,,
A-066,A,Shivendra,shivendraedunext-18,M6 — Dashboard & reports — weeks 10–16,Reports — S-27,"Reports 1–6: resource scorecard, velocity, effort summary, SLA breach, task type analysis, reopen analysis",,,,3,A-063,inferred,2026-10-12,2026-10-14,2026-10-12,2026-10-14,todo,0,,,7,,,
A-067,A,Shivendra,shivendraedunext-18,M6 — Dashboard & reports — weeks 10–16,Reports — S-27,"Reports 7–12: date-wise, project health, aging, workload/capacity, stage funnel, stage cycle time",,,,3,A-066,inferred,2026-10-15,2026-10-19,2026-10-15,2026-10-19,todo,0,,,7,,,
A-068,A,Shivendra,shivendraedunext-18,M6 — Dashboard & reports — weeks 10–16,Reports — S-27,"Reports 13–18: rework analysis, deployment report, resource contribution, audit/compliance, client report, email deliver",,,,3,"A-067,C-058",confirmed,2026-12-08,2026-12-10,2026-12-08,2026-12-10,todo,0,,,4,,,
A-069,A,Shivendra,shivendraedunext-18,M6 — Dashboard & reports — weeks 10–16,Reports — S-27,Resource 360° profile,S-28,,,1.5,"A-066,B-010",confirmed,2026-11-12,2026-11-13,2026-11-12,2026-11-13,todo,0,,,12,,,
A-070,A,Shivendra,shivendraedunext-18,M6 — Dashboard & reports — weeks 10–16,Reports — S-27,"""Born critical vs became critical"" report — uses original_level, the insight managers ask for immediately",,§6,,1,"A-066,D-028",confirmed,2026-11-24,2026-11-24,2026-11-24,2026-11-24,todo,0,,,13,,,
A-071,A,Shivendra,shivendraedunext-18,Hardening — weeks 17–18,,"Audit Log Viewer — every login, permission change, master change, ticket action",S-16,,,1.5,A-034,inferred,2026-09-21,2026-09-22,2026-09-21,2026-09-22,todo,0,,,3,,,
A-072,A,Shivendra,shivendraedunext-18,Hardening — weeks 17–18,,Global search + ticket-ID deep link,,,,1.5,"A-009,C-005",inferred,2026-09-30,2026-10-01,2026-09-30,2026-10-01,todo,0,,,6,,,
A-073,A,Shivendra,shivendraedunext-18,Hardening — weeks 17–18,,Performance,,,,2,"A-053,B-007",inferred,2026-11-03,2026-11-04,2026-11-03,2026-11-04,todo,0,,,11,,,
A-074,A,Shivendra,shivendraedunext-18,Hardening — weeks 17–18,,Security,,,,2,A-036,inferred,2026-09-22,2026-09-24,2026-09-22,2026-09-24,todo,0,,,4,,,
A-075,A,Shivendra,shivendraedunext-18,Hardening — weeks 17–18,,"Go-live runbook, deployment, TLS, secrets in vault",,,,2,"A-073,A-074",inferred,2026-11-05,2026-11-06,2026-11-05,2026-11-06,todo,0,,,11,,,
B-001,B,Ayush,Ayushedunext,Sprint 0 — weeks 1–2,,Seed: 6 roles + the full permission matrix from blueprint §2,,§2.,,1,A-003,confirmed,2026-08-06,2026-08-06,2026-08-06,2026-08-06,todo,0,,,0,,,
B-002,B,Ayush,Ayushedunext,Sprint 0 — weeks 1–2,,"Seed: 11 task types (Change Request, Production Bug, Client Request, Future Release, Internal Bug, Client Bug, Server Is",,,,1,A-007,confirmed,2026-08-10,2026-08-10,2026-08-10,2026-08-10,todo,0,,,22,,,
B-003,B,Ayush,Ayushedunext,Sprint 0 — weeks 1–2,,"Seed: statuses (New, In Progress, On Hold, Awaiting Info, Rework, Resolved, Closed, Reopened) + the workflow_transitions",,,,1,A-007,confirmed,2026-08-11,2026-08-11,2026-08-11,2026-08-11,todo,0,,,43,,,
B-004,B,Ayush,Ayushedunext,Sprint 0 — weeks 1–2,,"Seed: 3 workflow templates with their stages — Standard Dev Flow (8 stages), Support Fast-Track (5), Infra Flow (5)",,§4A.9,,1,A-005,confirmed,2026-08-07,2026-08-07,2026-08-07,2026-08-07,todo,0,,,0,,,
B-005,B,Ayush,Ayushedunext,Sprint 0 — weeks 1–2,,"JPA entities + repositories for the full model, built on A's schema",,,,3,"A-006,A-007",confirmed,2026-08-12,2026-08-17,2026-08-12,2026-08-17,todo,0,,,0,,,
B-006,B,Ayush,Ayushedunext,Sprint 0 — weeks 1–2,,MapStruct base configuration,,,,0.5,B-005,inferred,2026-08-21,2026-08-21,2026-08-21,2026-08-21,todo,0,,,0,,,
B-007,B,Ayush,Ayushedunext,Sprint 0 — weeks 1–2,,"Ticket fixture corpus — 200 tickets across 3 projects, varied stages, iterations, cycles, breach states, effort logs and",,,yes,2,"B-004,B-005",confirmed,2026-08-17,2026-08-19,2026-08-17,2026-08-19,todo,0,,,0,,,
B-008,B,Ayush,Ayushedunext,Sprint 0 — weeks 1–2,,"Seed manifest with fixed load order. One seed file per stream, never a shared file",,,,0.5,"B-001,B-002,B-003,B-004",inferred,2026-08-12,2026-08-12,2026-08-12,2026-08-12,todo,0,,,86,,,
B-010,B,Ayush,Ayushedunext,M3 — Master data — weeks 3–9,Resource & role,Resource list,S-07,,,2,"B-005,C-003,A-012",confirmed,2026-09-10,2026-09-11,2026-09-10,2026-09-11,todo,0,,,0,,,
B-011,B,Ayush,Ayushedunext,M3 — Master data — weeks 3–9,Resource & role,"Resource create/edit — Personal, Access, Org, Work and Projects sections",S-08,,,2.5,B-010,inferred,2026-09-14,2026-09-16,2026-09-14,2026-09-16,todo,0,,,0,,,
B-012,B,Ayush,Ayushedunext,M3 — Master data — weeks 3–9,Resource & role,"Reporting-manager cycle detection — A→B→A blocked at any depth, not just self-reference",,,yes,1,B-011,inferred,2026-09-16,2026-09-17,2026-09-16,2026-09-17,todo,0,,,0,,,
B-013,B,Ayush,Ayushedunext,M3 — Master data — weeks 3–9,Resource & role,Validations,,,,1,B-011,inferred,2026-09-17,2026-09-18,2026-09-17,2026-09-18,todo,0,,,0,,,
B-014,B,Ayush,Ayushedunext,M3 — Master data — weeks 3–9,Resource & role,Deactivating a resource with open tickets forces the bulk reassignment wizard,,,,1,B-011,inferred,2026-09-18,2026-09-21,2026-09-18,2026-09-21,todo,0,,,0,,,
B-015,B,Ayush,Ayushedunext,M3 — Master data — weeks 3–9,Resource & role,Role & permission master — module × CRUD/approve checkbox matrix,S-09,,,2,"B-001,C-003",inferred,2026-09-21,2026-09-23,2026-09-21,2026-09-23,todo,0,,,0,,,
B-016,B,Ayush,Ayushedunext,M3 — Master data — weeks 3–9,Project,"Project master list/create/edit — code (ticket-ID prefix), name, PM, dates, status, colour tag",S-10,,,2,"B-005,C-003",inferred,2026-09-23,2026-09-25,2026-09-23,2026-09-25,todo,0,,,0,,,
B-017,B,Ayush,Ayushedunext,M3 — Master data — weeks 3–9,Project,Team tab — resources + per-project role (PM/Dev/Support/QA/Deploy/Viewer) + allocation %,,,,1.5,B-016,inferred,2026-09-25,2026-09-28,2026-09-25,2026-09-28,todo,0,,,0,,,
B-018,B,Ayush,Ayushedunext,M3 — Master data — weeks 3–9,Project,"SLA tab — per task type × level → response hrs, resolution hrs, L1/L2 escalation targets",,,,1.5,B-016,inferred,2026-09-29,2026-09-30,2026-09-29,2026-09-30,todo,0,,,0,,,
B-019,B,Ayush,Ayushedunext,M3 — Master data — weeks 3–9,Project,Settings tab,,,,1.5,B-016,inferred,2026-09-30,2026-10-01,2026-09-30,2026-10-01,todo,0,,,0,,,
B-020,B,Ayush,Ayushedunext,M3 — Master data — weeks 3–9,Simple masters,"Task type master — the 11 seeded types, Admin-extensible",S-11,,,1.5,"B-002,C-003",inferred,2026-10-02,2026-10-05,2026-10-02,2026-10-05,todo,0,,,0,,,
B-021,B,Ayush,Ayushedunext,M3 — Master data — weeks 3–9,Simple masters,Priority master — Low/Medium/High/Critical + colour + default SLA hours + escalation flag,S-12,,,1.5,"B-002,C-003",confirmed,2026-10-05,2026-10-06,2026-10-05,2026-10-06,todo,0,,,0,,,
B-022,B,Ayush,Ayushedunext,M3 — Master data — weeks 3–9,Simple masters,"Notification template master — event, channel, subject, HTML body, merge tags, per-event on/off, per-role recipients",S-15,,,2,"B-005,C-003",confirmed,2026-10-07,2026-10-08,2026-10-07,2026-10-08,todo,0,,,0,,,
B-023,B,Ayush,Ayushedunext,M3 — Master data — weeks 3–9,Working calendar,"Working calendar & holiday master — org holidays, weekly off pattern, per-resource leave",S-14,,,2,"B-005,C-003",confirmed,2026-10-09,2026-10-12,2026-10-09,2026-10-12,todo,0,,,0,,,
B-024,B,Ayush,Ayushedunext,M3 — Master data — weeks 3–9,Working calendar,"Working-hours calculation service — workingHoursBetween(start, end) and addWorkingHours(start, n), honouring weekends, h",,§5,yes,3,B-023,confirmed,2026-10-13,2026-10-15,2026-10-13,2026-10-15,todo,0,,,0,,,
B-025,B,Ayush,Ayushedunext,M3 — Master data — weeks 3–9,Client master,Client list,S-32,,,2,"B-005,C-003",inferred,2026-10-16,2026-10-19,2026-10-16,2026-10-19,todo,0,,,0,,,
B-026,B,Ayush,Ayushedunext,M3 — Master data — weeks 3–9,Client master,Client create/edit across four tabs: Identity · Commercial · Contacts · Projects & SLA,S-33,,,3,B-025,inferred,2026-10-20,2026-10-22,2026-10-20,2026-10-22,todo,0,,,0,,,
B-027,B,Ayush,Ayushedunext,M3 — Master data — weeks 3–9,Client master,client_contacts child grid,,,,1.5,B-026,inferred,2026-10-23,2026-10-26,2026-10-23,2026-10-26,todo,0,,,0,,,
B-028,B,Ayush,Ayushedunext,M3 — Master data — weeks 3–9,Client master,"Validation: unique client code, valid emails, at least one primary contact before the client is selectable on a ticket",,,,1,B-027,confirmed,2026-10-26,2026-10-27,2026-10-26,2026-10-27,todo,0,,,0,,,
B-029,B,Ayush,Ayushedunext,M3 — Master data — weeks 3–9,Client master,"Deactivating a client with open tickets warns and blocks new tickets, but never hides historical ones",,,,1,B-026,inferred,2026-10-27,2026-10-28,2026-10-27,2026-10-28,todo,0,,,0,,,
B-030,B,Ayush,Ayushedunext,M3 — Master data — weeks 3–9,Excel import — S-34,"Import engine as a schema registry — built once, registered twice (clients, resources)",,§4B.3,yes,2,B-005,confirmed,2026-08-19,2026-08-21,2026-08-19,2026-08-21,todo,0,,,0,,,
B-031,B,Ayush,Ayushedunext,M3 — Master data — weeks 3–9,Excel import — S-34,Step 1 — template download,,,,1.5,B-030,inferred,2026-08-24,2026-08-25,2026-08-24,2026-08-25,todo,0,,,0,,,
B-032,B,Ayush,Ayushedunext,M3 — Master data — weeks 3–9,Excel import — S-34,"Step 2 — upload, max 5 MB / 5,000 rows, event-driven SAX parse (the DOM reader would load the whole workbook per concurr",,,,2,B-030,inferred,2026-08-25,2026-08-27,2026-08-25,2026-08-27,todo,0,,,0,,,
B-033,B,Ayush,Ayushedunext,M3 — Master data — weeks 3–9,Excel import — S-34,"Step 3 — column mapping, auto-matched by header, manual override per column, saveable presets",,,,2,B-032,inferred,2026-08-27,2026-08-31,2026-08-27,2026-08-31,todo,0,,,0,,,
B-034,B,Ayush,Ayushedunext,M3 — Master data — weeks 3–9,Excel import — S-34,Step 4 — dry-run validation preview,,,yes,2.5,B-033,confirmed,2026-08-31,2026-09-02,2026-08-31,2026-09-02,todo,0,,,0,,,
B-035,B,Ayush,Ayushedunext,M3 — Master data — weeks 3–9,Excel import — S-34,Step 5 — commit as a background job with progress bar,,,,2,B-034,confirmed,2026-09-03,2026-09-04,2026-09-03,2026-09-04,todo,0,,,0,,,
B-036,B,Ayush,Ayushedunext,M3 — Master data — weeks 3–9,Excel import — S-34,Error report generation,,,,1,B-034,inferred,2026-09-07,2026-09-07,2026-09-07,2026-09-07,todo,0,,,0,,,
B-037,B,Ayush,Ayushedunext,M3 — Master data — weeks 3–9,Excel import — S-34,"import_batches traceability — every import identified, a bad one reversible as a set",,,,1,B-035,inferred,2026-09-08,2026-09-08,2026-09-08,2026-09-08,todo,0,,,0,,,
B-038,B,Ayush,Ayushedunext,M3 — Master data — weeks 3–9,Excel import — S-34,"Resource bulk import — the second registration, not a second build",,,,1,B-035,confirmed,2026-09-09,2026-09-09,2026-09-09,2026-09-09,todo,0,,,0,,,
B-039,B,Ayush,Ayushedunext,M3 — Master data — weeks 3–9,Workflow templates,Status/stage/workflow master tab 1,S-13,,,2,"B-003,C-003",inferred,2026-10-28,2026-10-30,2026-10-28,2026-10-30,todo,0,,,0,,,
B-040,B,Ayush,Ayushedunext,M3 — Master data — weeks 3–9,Workflow templates,"Tab 2 — stages: sequence, code, display name, owner role, icon, stage SLA hours, optional flag, allowed return targets",,,,2,B-039,confirmed,2026-10-30,2026-11-03,2026-10-30,2026-11-03,todo,0,,,0,,,
B-041,B,Ayush,Ayushedunext,M3 — Master data — weeks 3–9,Workflow templates,Tab 3,,,,2.5,"B-040,B-050",confirmed,2026-11-18,2026-11-20,2026-11-18,2026-11-20,todo,0,,,9,,,
B-042,B,Ayush,Ayushedunext,M3 — Master data — weeks 3–9,Workflow templates,"Stages in use may be deprecated, never deleted — deletion breaks every historical ribbon",,,yes,1,B-040,confirmed,2026-11-03,2026-11-04,2026-11-03,2026-11-04,todo,0,,,5,,,
B-043,B,Ayush,Ayushedunext,M3 — Master data — weeks 3–9,Workflow templates,Workflow template designer,S-30,,,3,"B-041,B-042",confirmed,2026-11-23,2026-11-25,2026-11-23,2026-11-25,todo,0,,,9,,,
B-050,B,Ayush,Ayushedunext,Weeks 10–11 — join Stream C on the ribbon,,Ribbon segment component,,,,2.5,"C-003,C-042",confirmed,2026-11-16,2026-11-18,2026-11-16,2026-11-18,todo,0,,,8,,,
B-051,B,Ayush,Ayushedunext,Weeks 10–11 — join Stream C on the ribbon,,Compact dot variant for the ticket list,,,,1,B-050,inferred,2026-11-26,2026-11-26,2026-11-26,2026-11-26,todo,0,,,9,,,
B-052,B,Ayush,Ayushedunext,Weeks 10–11 — join Stream C on the ribbon,,Ribbon accessibility,,,,1.5,B-050,inferred,2026-11-27,2026-11-30,2026-11-27,2026-11-30,todo,0,,,9,,,
B-053,B,Ayush,Ayushedunext,Weeks 10–11 — join Stream C on the ribbon,,"Readability at 8 stages on a laptop — horizontal scroll with the current segment auto-centred, collapsed ""…"" grouping fo",,§17,,2,B-050,inferred,2026-11-30,2026-12-02,2026-11-30,2026-12-02,todo,0,,,10,,,
B-060,B,Ayush,Ayushedunext,Weeks 12–14 — M6 reports,,Client report,,,,2,"A-064,B-029",confirmed,2026-11-04,2026-11-06,2026-11-04,2026-11-06,todo,0,,,6,,,
B-061,B,Ayush,Ayushedunext,Weeks 12–14 — M6 reports,,Resource performance scorecard and workload/capacity report,,,,2,"A-064,B-010",confirmed,2026-11-06,2026-11-10,2026-11-06,2026-11-10,todo,0,,,7,,,
B-062,B,Ayush,Ayushedunext,Weeks 12–14 — M6 reports,,Export engine integration for all report types,,,,1.5,A-064,confirmed,2026-11-10,2026-11-11,2026-11-10,2026-11-11,todo,0,,,8,,,
B-063,B,Ayush,Ayushedunext,Weeks 12–14 — M6 reports,,"Timesheet view — stage-aware, a resource's week across all tickets",,,,2,"A-064,C-061",confirmed,2026-11-12,2026-11-13,2026-11-12,2026-11-13,todo,0,,,8,,,
C-001,C,Divyansh,Divyanshedunext,Sprint 0 — weeks 1–2,,"Vite + React 18 + TypeScript scaffold, TanStack Query, Zustand, React Hook Form",,,,1,,confirmed,2026-08-06,2026-08-06,2026-08-06,2026-08-06,todo,0,,,0,yes,,
C-002,C,Divyansh,Divyanshedunext,Sprint 0 — weeks 1–2,,Design tokens from blueprint §12.1 → tokens.css + tailwind.config.ts,,§12.1,yes,1.5,C-001,confirmed,2026-08-07,2026-08-10,2026-08-07,2026-08-10,todo,0,,,0,yes,,
C-003,C,Divyansh,Divyanshedunext,Sprint 0 — weeks 1–2,,Shared component library,,,,3,C-002,confirmed,2026-08-10,2026-08-13,2026-08-10,2026-08-13,todo,0,,,0,yes,,
C-004,C,Divyansh,Divyanshedunext,Sprint 0 — weeks 1–2,,"Storybook, with every shared component documented",,,,1.5,C-003,confirmed,2026-08-13,2026-08-14,2026-08-13,2026-08-14,todo,0,,,0,yes,,
C-005,C,Divyansh,Divyanshedunext,Sprint 0 — weeks 1–2,,"App shell — collapsible 240px sidebar, top bar with global search, project switcher, notification bell, chat badge, avat",,,,2,C-003,confirmed,2026-08-17,2026-08-18,2026-08-17,2026-08-18,todo,0,,,0,yes,,
C-006,C,Divyansh,Divyanshedunext,Sprint 0 — weeks 1–2,,Command palette on Ctrl+K for jump-to-ticket,,,,1,C-005,inferred,2026-08-19,2026-08-19,2026-08-19,2026-08-19,todo,0,,,0,yes,,
C-010,C,Divyansh,Divyanshedunext,M4 — Tickets — weeks 3–14,Create & list,Create ticket,S-19,§7.5,,2.5,"C-005,D-004",confirmed,2026-08-21,2026-08-25,2026-08-21,2026-08-25,todo,0,,,0,yes,,
C-011,C,Divyansh,Divyanshedunext,M4 — Tickets — weeks 3–14,Create & list,Ticket ID generation — UPDATE projects SET ticket_seq = LAST_INSERT_ID(ticket_seq + 1) then SELECT LAST_INSERT_ID(),,§3.2,yes,1,"A-003,A-012",confirmed,2026-08-20,2026-08-20,2026-08-20,2026-08-20,todo,0,,,0,yes,,
C-012,C,Divyansh,Divyanshedunext,M4 — Tickets — weeks 3–14,Create & list,"SLA policy resolution → auto-computed Planned Close Date, previewed inline before the user commits",,,,1.5,"C-011,B-024",confirmed,2026-10-28,2026-10-29,2026-10-28,2026-10-29,todo,0,,,0,yes,,
C-013,C,Divyansh,Divyanshedunext,M4 — Tickets — weeks 3–14,Create & list,Actions: Save & Assign · Save as Draft · Save & Create Another,,,,1.5,"C-010,C-011",inferred,2026-08-25,2026-08-26,2026-08-25,2026-08-26,todo,0,,,0,yes,,
C-014,C,Divyansh,Divyanshedunext,M4 — Tickets — weeks 3–14,Create & list,Ticket list,S-17,,,3,"C-005,D-004",confirmed,2026-08-27,2026-08-31,2026-08-27,2026-08-31,todo,0,,,0,yes,,
C-015,C,Divyansh,Divyanshedunext,M4 — Tickets — weeks 3–14,Create & list,"Saved views — My Open, Due Today, Overdue, Unassigned, Reopened, Closed This Month",,,,1,C-014,inferred,2026-09-01,2026-09-01,2026-09-01,2026-09-01,todo,0,,,0,yes,,
C-016,C,Divyansh,Divyanshedunext,M4 — Tickets — weeks 3–14,Create & list,"Row colour cues — soft amber left border on delayed, soft red on critical",,,,0.5,C-014,inferred,2026-09-02,2026-09-02,2026-09-02,2026-09-02,todo,0,,,0,yes,,
C-017,C,Divyansh,Divyanshedunext,M4 — Tickets — weeks 3–14,Create & list,Bulk select → reassign / change level / close (PM & Admin only),,,,1.5,"C-014,A-034",confirmed,2026-10-21,2026-10-22,2026-10-21,2026-10-22,todo,0,,,0,yes,,
C-018,C,Divyansh,Divyanshedunext,M4 — Tickets — weeks 3–14,Create & list,My Tasks,S-18,,,2.5,C-014,inferred,2026-09-02,2026-09-04,2026-09-02,2026-09-04,todo,0,,,0,yes,,
C-019,C,Divyansh,Divyanshedunext,M4 — Tickets — weeks 3–14,Detail page — S-20,Detail shell + summary panel,,,,2,"C-005,D-004",confirmed,2026-09-07,2026-09-08,2026-09-07,2026-09-08,todo,0,,,0,yes,,
C-020,C,Divyansh,Divyanshedunext,M4 — Tickets — weeks 3–14,Detail page — S-20,"Priority dropdown — colour chips, pre-filled from task type default, recomputes and previews PCD on change",,§4B.1,,1.5,"C-019,B-021",confirmed,2026-10-27,2026-10-28,2026-10-27,2026-10-28,todo,0,,,0,yes,,
C-021,C,Divyansh,Divyanshedunext,M4 — Tickets — weeks 3–14,Detail page — S-20,"Client + client-contact dependent dropdowns, type-ahead over name/code/domain, filtered to clients mapped to the project",,§4B.2,,2,"C-019,B-028",confirmed,2026-10-30,2026-11-02,2026-10-30,2026-11-02,todo,0,,,0,yes,,
C-022,C,Divyansh,Divyanshedunext,M4 — Tickets — weeks 3–14,Detail page — S-20,"Client-raised flag driving client-wise reports, CSAT and the client-visible default on comments",,,,0.5,C-021,inferred,2026-11-03,2026-11-03,2026-11-03,2026-11-03,todo,0,,,0,yes,,
C-023,C,Divyansh,Divyanshedunext,M4 — Tickets — weeks 3–14,Attachments — §4B.4,"Upload surfaces: create form, detail, comment box, handoff dialog, quick update",,,,1.5,C-019,inferred,2026-09-09,2026-09-10,2026-09-09,2026-09-10,todo,0,,,0,yes,,
C-024,C,Divyansh,Divyanshedunext,M4 — Tickets — weeks 3–14,Attachments — §4B.4,Clipboard paste alongside drag-drop and file picker,,,yes,1,C-023,inferred,2026-09-10,2026-09-11,2026-09-10,2026-09-11,todo,0,,,0,yes,,
C-025,C,Divyansh,Divyanshedunext,M4 — Tickets — weeks 3–14,Attachments — §4B.4,Security,,,,2,C-023,inferred,2026-09-11,2026-09-15,2026-09-11,2026-09-15,todo,0,,,0,yes,,
C-026,C,Divyansh,Divyanshedunext,M4 — Tickets — weeks 3–14,Attachments — §4B.4,"Thumbnails, gallery strip, lightbox with zoom and next/previous",,,,1.5,C-025,inferred,2026-09-15,2026-09-16,2026-09-15,2026-09-16,todo,0,,,0,yes,,
C-027,C,Divyansh,Divyanshedunext,M4 — Tickets — weeks 3–14,Attachments — §4B.4,"Limits — 10 MB/file, 50 MB/ticket, 20 files/ticket, all configurable",,,,0.5,C-025,inferred,2026-09-17,2026-09-17,2026-09-17,2026-09-17,todo,0,,,0,yes,,
C-028,C,Divyansh,Divyanshedunext,M4 — Tickets — weeks 3–14,Attachments — §4B.4,Delete within 15 minutes by the uploader; after that a soft delete leaving a tombstone,,,,1,C-025,inferred,2026-09-17,2026-09-18,2026-09-17,2026-09-18,todo,0,,,0,yes,,
C-029,C,Divyansh,Divyanshedunext,M4 — Tickets — weeks 3–14,Comments — §4B.5,"Rich-text comment box under the description, always visible above the tabs",,,,1.5,C-019,inferred,2026-09-18,2026-09-21,2026-09-18,2026-09-21,todo,0,,,0,yes,,
C-030,C,Divyansh,Divyanshedunext,M4 — Tickets — weeks 3–14,Comments — §4B.5,"@mention type-ahead over project members, firing notification + email",,,,1.5,C-029,inferred,2026-09-22,2026-09-23,2026-09-22,2026-09-23,todo,0,,,0,yes,,
C-031,C,Divyansh,Divyanshedunext,M4 — Tickets — weeks 3–14,Comments — §4B.5,"Visibility toggle — default internal, always",,,,1,C-029,inferred,2026-09-23,2026-09-24,2026-09-23,2026-09-24,todo,0,,,0,yes,,
C-032,C,Divyansh,Divyanshedunext,M4 — Tickets — weeks 3–14,Comments — §4B.5,"Stamping — author, role, stage and iteration at time of writing, timestamp",,,,1,"C-029,C-042",confirmed,2026-11-06,2026-11-09,2026-11-06,2026-11-09,todo,0,,,0,yes,,
C-033,C,Divyansh,Divyanshedunext,M4 — Tickets — weeks 3–14,Comments — §4B.5,"5-minute edit window, then locked with an ""edited"" marker and the original preserved",,,,1.5,C-029,inferred,2026-09-24,2026-09-25,2026-09-24,2026-09-25,todo,0,,,0,yes,,
C-034,C,Divyansh,Divyanshedunext,M4 — Tickets — weeks 3–14,Comments — §4B.5,Interleave comments into the History tab,,,yes,1.5,"C-029,C-059",confirmed,2026-10-20,2026-10-21,2026-10-20,2026-10-21,todo,0,,,0,yes,,
C-035,C,Divyansh,Divyanshedunext,M4 — Tickets — weeks 3–14,Effort & quick update,"Effort logging, append-only, auto-stamped with current stage and iteration so it lands in the right journey row with no",,,,1.5,"C-019,A-040",confirmed,2026-10-08,2026-10-09,2026-10-08,2026-10-09,todo,0,,,0,yes,,
C-036,C,Divyansh,Divyanshedunext,M4 — Tickets — weeks 3–14,Effort & quick update,"Quick Update slide-over — status, effort + date, work note, % complete, revised ETA with reason, attach",S-21,,,2.5,"C-018,C-035",inferred,2026-10-09,2026-10-13,2026-10-09,2026-10-13,todo,0,,,0,yes,,
C-037,C,Divyansh,Divyanshedunext,M4 — Tickets — weeks 3–14,Effort & quick update,"Quick Update must not expose: ticket ID, reported by, assigned by, date reported, cycle history, the ribbon, prior effor",,,,0.5,C-036,inferred,2026-10-14,2026-10-14,2026-10-14,2026-10-14,todo,0,,,0,yes,,
C-038,C,Divyansh,Divyanshedunext,M4 — Tickets — weeks 3–14,Cycles & closure,"Reopen transaction — seal cycle N (is_sealed), insert cycle N+1 with fresh start/PCD/assignee, reopen_count++, clear act",,§4.1,yes,2.5,"C-013,A-040",confirmed,2026-09-30,2026-10-02,2026-09-30,2026-10-02,todo,0,,,0,yes,,
C-039,C,Divyansh,Divyanshedunext,M4 — Tickets — weeks 3–14,Cycles & closure,"Reopen dialog — mandatory reason, restart stage (defaults Triage), new assignee, new PCD, revised estimate",S-22,,,1.5,C-038,inferred,2026-10-05,2026-10-06,2026-10-05,2026-10-06,todo,0,,,0,yes,,
C-040,C,Divyansh,Divyanshedunext,M4 — Tickets — weeks 3–14,Cycles & closure,Close/resolve dialog,S-23,,,1.5,C-038,inferred,2026-10-06,2026-10-07,2026-10-06,2026-10-07,todo,0,,,0,yes,,
C-041,C,Divyansh,Divyanshedunext,M4 — Tickets — weeks 3–14,Cycles & closure,"Materialised total_effort_hrs, refreshed on every effort insert",,,,1,C-035,inferred,2026-10-14,2026-10-15,2026-10-14,2026-10-15,todo,0,,,0,yes,,
C-042,C,Divyansh,Divyanshedunext,M4 — Tickets — weeks 3–14,The Workflow Ribbon — §4A,Transition service — writes append-only ticket_stage_transitions rows,,,,2.5,"A-042,B-040",confirmed,2026-11-04,2026-11-06,2026-11-04,2026-11-06,todo,0,,,0,yes,,
C-043,C,Divyansh,Divyanshedunext,M4 — Tickets — weeks 3–14,The Workflow Ribbon — §4A,The golden rule — only the current stage owner (plus PM and Admin) may advance a ticket,,,yes,1.5,"C-042,A-033",confirmed,2026-11-26,2026-11-27,2026-11-26,2026-11-27,todo,0,,,0,yes,,
C-044,C,Divyansh,Divyanshedunext,M4 — Tickets — weeks 3–14,The Workflow Ribbon — §4A,Handoff dialog,S-29,,,2.5,"C-042,C-035",confirmed,2026-11-09,2026-11-11,2026-11-09,2026-11-11,todo,0,,,0,yes,,
C-045,C,Divyansh,Divyanshedunext,M4 — Tickets — weeks 3–14,The Workflow Ribbon — §4A,"On submit: seal the current row (exited_at, duration_mins in working minutes), insert the next, notify the receiving own",,,,2,"C-044,D-014",confirmed,2026-11-24,2026-11-25,2026-11-24,2026-11-25,todo,0,,,0,yes,,
C-046,C,Divyansh,Divyanshedunext,M4 — Tickets — weeks 3–14,The Workflow Ribbon — §4A,Backward moves,,,,1.5,C-042,inferred,2026-11-12,2026-11-13,2026-11-12,2026-11-13,todo,0,,,0,yes,,
C-047,C,Divyansh,Divyanshedunext,M4 — Tickets — weeks 3–14,The Workflow Ribbon — §4A,Skip a stage,,,,1,C-042,inferred,2026-11-13,2026-11-16,2026-11-13,2026-11-16,todo,0,,,0,yes,,
C-048,C,Divyansh,Divyanshedunext,M4 — Tickets — weeks 3–14,The Workflow Ribbon — §4A,"Force-move (OVERRIDE) — PM/Admin, logged as an override",,,,1,C-042,inferred,2026-11-16,2026-11-17,2026-11-16,2026-11-17,todo,0,,,0,yes,,
C-049,C,Divyansh,Divyanshedunext,M4 — Tickets — weeks 3–14,The Workflow Ribbon — §4A,Reassignment within a stage does not create a new segment,,,,1.5,C-042,confirmed,2026-11-17,2026-11-18,2026-11-17,2026-11-18,todo,0,,,0,yes,,
C-050,C,Divyansh,Divyanshedunext,M4 — Tickets — weeks 3–14,The Workflow Ribbon — §4A,"Unassigned receiving role → ticket falls to a project-level queue, PM alerted after 2 hours",,,,1,C-044,inferred,2026-11-19,2026-11-19,2026-11-19,2026-11-19,todo,0,,,0,yes,,
C-051,C,Divyansh,Divyanshedunext,M4 — Tickets — weeks 3–14,The Workflow Ribbon — §4A,Ribbon component,,,yes,3,B-050,confirmed,2026-12-07,2026-12-10,2026-12-07,2026-12-10,todo,0,,,0,yes,,
C-052,C,Divyansh,Divyanshedunext,M4 — Tickets — weeks 3–14,The Workflow Ribbon — §4A,Interactions,,,,2,C-051,inferred,2026-12-10,2026-12-14,2026-12-10,2026-12-14,todo,0,,,0,yes,,
C-053,C,Divyansh,Divyanshedunext,M4 — Tickets — weeks 3–14,The Workflow Ribbon — §4A,Cycle selector above the ribbon; selecting cycle 1 renders that cycle's completed journey read-only,,,,1.5,"C-051,C-038",confirmed,2026-12-14,2026-12-15,2026-12-14,2026-12-15,todo,0,,,0,yes,,
C-054,C,Divyansh,Divyanshedunext,M4 — Tickets — weeks 3–14,The Workflow Ribbon — §4A,"Cycle 2 · Iteration 3 chips — two independent counters, easy to get wrong",,,,1,"C-051,C-046",confirmed,2026-12-16,2026-12-16,2026-12-16,2026-12-16,todo,0,,,0,yes,,
C-055,C,Divyansh,Divyanshedunext,M4 — Tickets — weeks 3–14,Journey tab — §4A.4,"Roll-up grid — iteration, stage, resource, role, in, out, duration, effort, per hop",,,,2,"C-042,B-024",confirmed,2026-11-27,2026-12-01,2026-11-27,2026-12-01,todo,0,,,0,yes,,
C-056,C,Divyansh,Divyanshedunext,M4 — Tickets — weeks 3–14,Journey tab — §4A.4,Active vs idle split — idle = duration − Σ effort in that stage+iteration,,,yes,1.5,C-055,confirmed,2026-12-01,2026-12-02,2026-12-01,2026-12-02,todo,0,,,0,yes,,
C-057,C,Divyansh,Divyanshedunext,M4 — Tickets — weeks 3–14,Journey tab — §4A.4,Per-resource roll-up + cycle total + all-cycles total,,,,1.5,C-056,inferred,2026-12-03,2026-12-04,2026-12-03,2026-12-04,todo,0,,,0,yes,,
C-058,C,Divyansh,Divyanshedunext,M4 — Tickets — weeks 3–14,Journey tab — §4A.4,"Roll-up query — must join effort logs on cycle_no as well as stage and iteration, or cycle 1's effort double-counts into",,§3.4,,1,C-055,confirmed,2026-12-04,2026-12-07,2026-12-04,2026-12-07,todo,0,,,0,yes,,
C-059,C,Divyansh,Divyanshedunext,M4 — Tickets — weeks 3–14,Remaining tabs & screens,"History tab — cycle-grouped, expandable to every field change and handoff",,,,1.5,"C-019,A-040",confirmed,2026-10-16,2026-10-19,2026-10-16,2026-10-19,todo,0,,,0,yes,,
C-060,C,Divyansh,Divyanshedunext,M4 — Tickets — weeks 3–14,Remaining tabs & screens,"Attachments tab — gallery, filterable by client-visible, grouped by cycle and stage",,,,1,C-026,inferred,2026-09-28,2026-09-28,2026-09-28,2026-09-28,todo,0,,,0,yes,,
C-061,C,Divyansh,Divyanshedunext,M4 — Tickets — weeks 3–14,Remaining tabs & screens,"Effort tab — every log line, sum per cycle + grand total",,,,1,C-041,inferred,2026-10-15,2026-10-16,2026-10-15,2026-10-16,todo,0,,,0,yes,,
C-062,C,Divyansh,Divyanshedunext,M4 — Tickets — weeks 3–14,Remaining tabs & screens,"Stage Queue / team inbox — ""Waiting in QA"", ""Waiting in Deployment"", sorted by time-in-stage descending",S-31,,,2,"C-014,C-042",confirmed,2026-11-20,2026-11-23,2026-11-20,2026-11-23,todo,0,,,0,yes,,
C-063,C,Divyansh,Divyanshedunext,M4 — Tickets — weeks 3–14,Remaining tabs & screens,Bulk reassignment wizard — source resource → tickets → target → reason → confirm,S-24,,,2,"C-017,B-014",confirmed,2026-10-23,2026-10-26,2026-10-23,2026-10-26,todo,0,,,0,yes,,
C-064,C,Divyansh,Divyanshedunext,M4 — Tickets — weeks 3–14,Remaining tabs & screens,Ticket linking — blocks / is blocked by / duplicate of / relates to,,,,1.5,C-019,inferred,2026-09-29,2026-09-30,2026-09-29,2026-09-30,todo,0,,,0,yes,,
D-001,D,Debashis,debashisedunext,Sprint 0 — weeks 1–2,,"OpenAPI contract for every endpoint in blueprint §13 — auth, users, projects, tickets, ribbon/journey/stages, clients +",,§13,yes,3,,confirmed,2026-08-06,2026-08-10,2026-08-06,2026-08-10,todo,0,,,0,,,
D-002,D,Debashis,debashisedunext,Sprint 0 — weeks 1–2,,"Conventions baked into the spec: /api/v1 prefix, { data, meta, error } envelope, problem-details errors, idempotency key",,,,1,D-001,confirmed,2026-08-11,2026-08-11,2026-08-11,2026-08-11,todo,0,,,0,,,
D-003,D,Debashis,debashisedunext,Sprint 0 — weeks 1–2,,springdoc config + codegen pipeline (springdoc → orval → TypeScript client + Zod schemas),,,,2,D-002,confirmed,2026-08-14,2026-08-18,2026-08-14,2026-08-18,todo,0,,,0,,,
D-004,D,Debashis,debashisedunext,Sprint 0 — weeks 1–2,,MSW mock server returning realistic fixtures for every endpoint,,,yes,2.5,D-002,confirmed,2026-08-12,2026-08-14,2026-08-12,2026-08-14,todo,0,,,0,,,
D-005,D,Debashis,debashisedunext,Sprint 0 — weeks 1–2,,CI staleness check — fails the build if the committed TS client is stale against the spec,,,,1,D-003,confirmed,2026-08-18,2026-08-19,2026-08-18,2026-08-19,todo,0,,,0,,,
D-010,D,Debashis,debashisedunext,Infrastructure — weeks 3–5,,"Outbox worker pattern — claim rows with SELECT … FOR UPDATE SKIP LOCKED, send, stamp the result",,§2.2,yes,2.5,"A-006,A-012",confirmed,2026-08-19,2026-08-21,2026-08-19,2026-08-21,todo,0,,,0,,,
D-011,D,Debashis,debashisedunext,Infrastructure — weeks 3–5,,@Scheduled + ShedLock (Redis or JDBC provider) so scanners don't double-fire across instances,,,,1,D-010,inferred,2026-08-24,2026-08-24,2026-08-24,2026-08-24,todo,0,,,0,,,
D-012,D,Debashis,debashisedunext,Infrastructure — weeks 3–5,,"Spring WebSocket + STOMP config, Redis pub/sub relay for multi-instance fan-out",,,,2,A-012,inferred,2026-08-28,2026-08-31,2026-08-28,2026-08-31,todo,0,,,0,,,
D-013,D,Debashis,debashisedunext,Infrastructure — weeks 3–5,,Channel interceptor authorising subscriptions with the same scope rules as REST — a Developer must not be able to subscr,,,yes,2,"D-012,A-034",confirmed,2026-09-18,2026-09-22,2026-09-18,2026-09-22,todo,0,,,4,,,
D-014,D,Debashis,debashisedunext,Infrastructure — weeks 3–5,,Destination map per blueprint §9.3,,§9.3,,1,D-012,confirmed,2026-09-01,2026-09-01,2026-09-01,2026-09-01,todo,0,,,0,,,
D-015,D,Debashis,debashisedunext,Infrastructure — weeks 3–5,,Frontend STOMP client (@stomp/stompjs + SockJS fallback) with reconnect and subscription lifecycle,,,,1.5,"D-014,C-005",confirmed,2026-09-02,2026-09-03,2026-09-02,2026-09-03,todo,0,,,0,,,
D-020,D,Debashis,debashisedunext,"M5 — SLA, escalation & mail — weeks 6–11",Scanners,"SLA scanner, every 15 minutes — pcd_open < now → level CRITICAL, is_delayed = true, delayed_since stamped, alert to Repo",,,yes,2,"D-011,B-024,A-009",confirmed,2026-11-12,2026-11-16,2026-11-12,2026-11-16,todo,0,,,3,,,
D-021,D,Debashis,debashisedunext,"M5 — SLA, escalation & mail — weeks 6–11",Scanners,80%-of-SLA pre-breach warning to the assignee,,,,1,D-020,inferred,2026-11-17,2026-11-18,2026-11-17,2026-11-18,todo,0,,,5,,,
D-022,D,Debashis,debashisedunext,"M5 — SLA, escalation & mail — weeks 6–11",Scanners,"Stale-task nudge — no update for 3 working days, to assignee cc RM",,,,1,D-020,inferred,2026-11-18,2026-11-19,2026-11-18,2026-11-19,todo,0,,,6,,,
D-023,D,Debashis,debashisedunext,"M5 — SLA, escalation & mail — weeks 6–11",Scanners,"Stage-SLA scanner, separate from ticket SLA — a ticket can be well inside its PCD while rotting four days in the Deploym",,§16,yes,2,"D-020,C-042",confirmed,2026-11-25,2026-11-26,2026-11-25,2026-11-26,todo,0,,,9,,,
D-024,D,Debashis,debashisedunext,"M5 — SLA, escalation & mail — weeks 6–11",Scanners,Escalation matrix per project,,,,1.5,"D-020,B-018",confirmed,2026-11-23,2026-11-24,2026-11-23,2026-11-24,todo,0,,,9,,,
D-025,D,Debashis,debashisedunext,"M5 — SLA, escalation & mail — weeks 6–11",Scanners,Ping-pong flag at iteration_no ≥ 3 → PM dashboard,,,,0.5,D-023,inferred,2026-11-27,2026-11-27,2026-11-27,2026-11-27,todo,0,,,9,,,
D-026,D,Debashis,debashisedunext,"M5 — SLA, escalation & mail — weeks 6–11",Scanners,Unassigned ticket > 2 h → triage alert to PM and Support Desk,,,,1,D-020,inferred,2026-11-19,2026-11-20,2026-11-19,2026-11-20,todo,0,,,7,,,
D-027,D,Debashis,debashisedunext,"M5 — SLA, escalation & mail — weeks 6–11",Scanners,Every calculation routes through Stream B's working-hours service,,,yes,1,D-020,confirmed,2026-11-16,2026-11-17,2026-11-16,2026-11-17,todo,0,,,4,,,
D-028,D,Debashis,debashisedunext,"M5 — SLA, escalation & mail — weeks 6–11",Scanners,"original_level preserved so ""born critical vs became critical"" stays reportable",,,,1,D-020,inferred,2026-11-20,2026-11-23,2026-11-20,2026-11-23,todo,0,,,8,,,
D-029,D,Debashis,debashisedunext,"M5 — SLA, escalation & mail — weeks 6–11",Mail engine — §4B.6,"Thymeleaf templates driven by Stream B's notification template master, with merge tags {{ticket_id}}, {{assignee}}, {{st",,,,1.5,"D-010,B-022",confirmed,2026-10-09,2026-10-12,2026-10-09,2026-10-12,todo,0,,,0,,,
D-030,D,Debashis,debashisedunext,"M5 — SLA, escalation & mail — weeks 6–11",Mail engine — §4B.6,Mail body,,,,1.5,D-029,inferred,2026-10-13,2026-10-14,2026-10-13,2026-10-14,todo,0,,,0,,,
D-031,D,Debashis,debashisedunext,"M5 — SLA, escalation & mail — weeks 6–11",Mail engine — §4B.6,Subject pattern with the ticket ID first so it threads and searches cleanly: [CRM-26-00347] Handed to you at QA by Ravi,,,,0.5,D-029,inferred,2026-10-15,2026-10-15,2026-10-15,2026-10-15,todo,0,,,0,,,
D-032,D,Debashis,debashisedunext,"M5 — SLA, escalation & mail — weeks 6–11",Mail engine — §4B.6,Threading,,,yes,1.5,D-031,confirmed,2026-10-15,2026-10-16,2026-10-15,2026-10-16,todo,0,,,0,,,
D-033,D,Debashis,debashisedunext,"M5 — SLA, escalation & mail — weeks 6–11",Mail engine — §4B.6,"Every send logged in email_log with status, provider message ID and retry count",,,,1,D-010,confirmed,2026-08-25,2026-08-25,2026-08-25,2026-08-25,todo,0,,,0,,,
D-034,D,Debashis,debashisedunext,"M5 — SLA, escalation & mail — weeks 6–11",Mail engine — §4B.6,"Bounce and complaint webhooks — mark the address invalid, alert Admin",,,,1,D-033,inferred,2026-08-26,2026-08-26,2026-08-26,2026-08-26,todo,0,,,0,,,
D-035,D,Debashis,debashisedunext,"M5 — SLA, escalation & mail — weeks 6–11",Mail engine — §4B.6,Rate limit,,,,1,D-033,inferred,2026-08-27,2026-08-27,2026-08-27,2026-08-27,todo,0,,,0,,,
D-036,D,Debashis,debashisedunext,"M5 — SLA, escalation & mail — weeks 6–11",Mail engine — §4B.6,"""Critical mails cannot be disabled"" — assignment, handoff, escalation and breach ignore user preferences",,,yes,1,D-029,confirmed,2026-10-12,2026-10-13,2026-10-12,2026-10-13,todo,0,,,0,,,
D-037,D,Debashis,debashisedunext,"M5 — SLA, escalation & mail — weeks 6–11",Mail engine — §4B.6,All 15 mail events from §4B.6 wired,,§4B.6,,2,"D-030,D-036",inferred,2026-10-19,2026-10-20,2026-10-19,2026-10-20,todo,0,,,0,,,
D-038,D,Debashis,debashisedunext,"M5 — SLA, escalation & mail — weeks 6–11",Mail engine — §4B.6,Daily digest 08:30 and weekly manager summary,,,,1.5,D-037,inferred,2026-10-21,2026-10-22,2026-10-21,2026-10-22,todo,0,,,0,,,
D-039,D,Debashis,debashisedunext,"M5 — SLA, escalation & mail — weeks 6–11",Mail engine — §4B.6,Inbound webhook — reply-to-comment parsing with quoted text stripped,,,,2,D-032,inferred,2026-10-22,2026-10-26,2026-10-22,2026-10-26,todo,0,,,0,,,
D-040,D,Debashis,debashisedunext,"M5 — SLA, escalation & mail — weeks 6–11",Notifications,All 24 events from blueprint §11 across in-app / bell / email channels,,§11,,2,"D-012,B-022",confirmed,2026-10-26,2026-10-28,2026-10-26,2026-10-28,todo,0,,,0,,,
D-041,D,Debashis,debashisedunext,"M5 — SLA, escalation & mail — weeks 6–11",Notifications,Notification centre,S-26,,,2.5,"D-040,C-005",confirmed,2026-10-28,2026-10-30,2026-10-28,2026-10-30,todo,0,,,0,,,
D-042,D,Debashis,debashisedunext,"M5 — SLA, escalation & mail — weeks 6–11",Notifications,"Per-user preference matrix — which events, which channel",,,,1.5,D-041,inferred,2026-11-02,2026-11-03,2026-11-02,2026-11-03,todo,0,,,0,,,
D-043,D,Debashis,debashisedunext,"M5 — SLA, escalation & mail — weeks 6–11",Notifications,"In-app toast via WebSocket, appearing within ~1 second, with Open / Snooze / Dismiss",,,,1,"D-041,D-014",inferred,2026-11-03,2026-11-04,2026-11-03,2026-11-04,todo,0,,,0,,,
D-044,D,Debashis,debashisedunext,"M5 — SLA, escalation & mail — weeks 6–11",Notifications,Persistent bell badge with unread count,,,,0.5,D-041,inferred,2026-11-06,2026-11-06,2026-11-06,2026-11-06,todo,0,,,0,,,
D-045,D,Debashis,debashisedunext,"M5 — SLA, escalation & mail — weeks 6–11",Notifications,Browser push via the Web Push API for users who opt in,,,,1.5,D-043,inferred,2026-11-06,2026-11-09,2026-11-06,2026-11-09,todo,0,,,1,,,
D-046,D,Debashis,debashisedunext,"M5 — SLA, escalation & mail — weeks 6–11",Notifications,"Offline queueing — if the user is offline when the event fires, the notification is stored and pops the moment they log",,,yes,1.5,D-043,confirmed,2026-11-04,2026-11-05,2026-11-04,2026-11-05,todo,0,,,0,,,
D-050,D,Debashis,debashisedunext,M7 — Chat & realtime — weeks 12–16,,"Chat engine, three surfaces one engine: ticket thread, direct message, project channel",S-25,,,3,"D-014,C-005",confirmed,2026-09-03,2026-09-08,2026-09-03,2026-09-08,todo,0,,,0,,,
D-051,D,Debashis,debashisedunext,M7 — Chat & realtime — weeks 12–16,,"Typing indicator, read receipts, unread counts",,,,2,D-050,inferred,2026-09-10,2026-09-11,2026-09-10,2026-09-11,todo,0,,,1,,,
D-052,D,Debashis,debashisedunext,M7 — Chat & realtime — weeks 12–16,,@mentions firing notifications,,,,1.5,D-050,inferred,2026-09-14,2026-09-15,2026-09-14,2026-09-15,todo,0,,,1,,,
D-053,D,Debashis,debashisedunext,M7 — Chat & realtime — weeks 12–16,,"File and image share, emoji, message search",,,,2,D-050,inferred,2026-09-15,2026-09-17,2026-09-15,2026-09-17,todo,0,,,2,,,
D-054,D,Debashis,debashisedunext,M7 — Chat & realtime — weeks 12–16,,TKT-xxxx link preview rendering as a rich ticket card,,,,1,D-050,inferred,2026-09-17,2026-09-18,2026-09-17,2026-09-18,todo,0,,,3,,,
D-055,D,Debashis,debashisedunext,M7 — Chat & realtime — weeks 12–16,,Ask Status,,,yes,1.5,"D-050,C-036",confirmed,2026-11-10,2026-11-11,2026-11-10,2026-11-11,todo,0,,,1,,,
D-056,D,Debashis,debashisedunext,M7 — Chat & realtime — weeks 12–16,,Manager response time recorded as a reportable metric; status requests appear as a distinct badge on the ticket and in t,,,,1,D-055,inferred,2026-11-11,2026-11-12,2026-11-11,2026-11-12,todo,0,,,2,,,
D-057,D,Debashis,debashisedunext,M7 — Chat & realtime — weeks 12–16,,Chat immutable after a 5-minute edit window; deletions leave tombstones,,,yes,1.5,D-050,confirmed,2026-09-08,2026-09-09,2026-09-08,2026-09-09,todo,0,,,1,,,
D-058,D,Debashis,debashisedunext,M7 — Chat & realtime — weeks 12–16,,Live ribbon advance — push stage.changed to /topic/ticket.{id} so anyone viewing sees the handoff land,,,,1,"D-014,C-045",confirmed,2026-11-27,2026-11-30,2026-11-27,2026-11-30,todo,0,,,10,,,
D-059,D,Debashis,debashisedunext,M7 — Chat & realtime — weeks 12–16,,Team inbox live updates,,,,1,"D-058,C-062",confirmed,2026-11-30,2026-12-01,2026-11-30,2026-12-01,todo,0,,,11,,,
